id,predict_label
b709059b-b3b6-4ac2-bb88-2c794e2cc219,extrinsic
7dc35ef5-c4b7-4538-ab90-627b9cbd896e,extrinsic
cfdfa010-f61c-4845-91c9-23f79be2b88b,extrinsic
31b33c97-2f59-4e72-8707-f47de204d7f9,extrinsic
a2c83a00-e8b7-4236-86ce-5e0104df074a,intrinsic
c5972f72-948c-4907-a0d9-5a5077d263eb,no
c9cb5df4-6c6a-44db-977f-b5a9d59926f0,extrinsic
87ae8fca-aa1d-4ba4-bebe-fed2c811dd29,no
faa318fc-0679-486c-98fd-54823a2374f9,intrinsic
1d0a69e2-146d-492a-8c4a-3f77b7395c6a,extrinsic
67e63111-c12d-4c63-be4e-d84f9f532a6b,extrinsic
147fa13b-ed91-442b-aa56-1efa8a3e4484,no
f3c5798c-82bf-4718-824e-ecbdc5d5ea1f,extrinsic
74bff9f9-90ba-4a2b-9e94-062f6727b1b4,no
2ef86070-adc5-4d5b-8f37-b8e8e0711737,extrinsic
52b16a7d-6c31-4ef0-910b-b3c9524d2aa0,extrinsic
0cbaa260-29c7-46ba-8762-c19f795c9715,intrinsic
be1605fb-5ddb-4620-a483-e73270ccc3ab,no
a97690f9-2109-450d-b52e-fd66538ac80e,extrinsic
53eda0a3-8b61-423b-9e97-8f9dc7899da5,extrinsic
c984c8c1-0505-499f-a418-030a972f87b4,extrinsic
911e2881-3297-451b-b9f7-a3842688e811,intrinsic
d95f6c1c-bf53-4d9b-8245-ceffa88f5366,no
3587ff61-22e7-4248-b697-e3b86bafb324,no
28474ed7-0f88-4b49-9948-d9280f01cdf2,no
1d482b01-5f17-40dc-ae68-2496571cc900,extrinsic
d4df3d68-bbf7-4271-a4e9-a3cca9dd18b5,extrinsic
6817a7a4-438b-4f6c-9afb-bfdd7640b938,no
9f7e65e5-dc55-421e-8b2b-d5ab62cba1c6,intrinsic
95617e9b-4aad-4e0f-9837-8f3b2f19aab9,no
6a2a73e3-a709-497b-9b21-e43974c8ed11,extrinsic
0838092e-cc53-46f2-b70c-698ec63adb92,no
ae7ea16b-f316-4c1d-b0d0-7f2a1465cdae,intrinsic
6753d640-2495-4e56-b7ba-7a0cba741d42,extrinsic
fba48cb8-665c-4d8b-9cd3-affa84bd973a,intrinsic
dd3de1a6-21f0-43fa-a50b-55ba853e1f2d,extrinsic
c42af041-9f49-411a-8b6f-0bf4ceec1cd3,extrinsic
24f0ade9-de2a-44de-bdd4-c0e8ee9e768f,intrinsic
6cdb1a88-d3b1-416d-a3ab-89a52f6cd2cd,intrinsic
833ef7fb-8da2-4e02-824a-9401668f1c23,intrinsic
7575b8cf-4deb-44c9-9329-071da25d919b,extrinsic
719b4a68-6b6a-4c55-9e4f-9b91ac42c80f,no
a1886042-c759-4987-8ca1-6b0bcd0e7cf3,extrinsic
73276dc7-d9d9-4c7d-9490-f16944ab5600,intrinsic
0527270b-eb9f-4f9c-969e-990d4fedf740,intrinsic
f05c0dec-152e-45b5-bd67-4877d24f8f6b,extrinsic
b95e1113-c4de-4a71-840e-ca737e60222d,intrinsic
65473e52-7738-405c-a3b3-fbc5896e03bd,intrinsic
93895c19-e978-4d68-9f62-7dc9dd0c8793,intrinsic
f3659a06-b537-4fd0-95e1-d5cc2f8bde4f,intrinsic
9c463d20-ed7f-4b76-baa5-12c214987315,no
dd205f51-9579-496f-86cb-c48c6921ad95,intrinsic
6ba0f481-14ce-4268-be62-2ee1912f313a,no
9380ad73-a84c-44ec-9f3f-a8081c6558d3,no
256bdd5a-fb4a-43da-8c0d-06c0bc27871b,extrinsic
8e49b0bb-92fd-4794-8172-dc200f89ad1d,intrinsic
1f28d882-0bac-4f12-a5d0-10425958259c,intrinsic
32ca8a1c-2a40-4bf0-87ca-3706dfe69ba7,intrinsic
0ce11603-74e6-420b-be2a-73ad36a04cf3,no
03a5b309-cc61-4bd0-a4b7-f0727f834cd9,intrinsic
6dd5e6db-7bc2-4681-b25c-fbfd4c299ef3,intrinsic
57362930-a2b1-4881-a67e-0de662709881,extrinsic
f85980d1-9e99-42e9-a078-d2d1f51a84a8,extrinsic
9ad500c2-252f-4cf9-a724-9a5461de8e21,no
83bde43e-6ab5-4440-8694-b36e763ab138,intrinsic
6e4fc174-49f9-47d5-9259-6fde9d5d3c18,extrinsic
288bafa4-5e05-4c33-8441-f8ba187661ce,intrinsic
8896fcbf-9580-426c-a48e-799819e884e8,no
d2b0536a-5175-4152-8fda-955f3bc0c1cf,no
4bf428bf-f017-4e60-a58d-69f6ab1db1ef,extrinsic
8407795d-fc74-45dc-b951-d75b9f0cb91a,no
60f3cd4d-8f5f-462e-bdc8-103b143ccf6d,no
ff4d20c6-3283-4254-add8-253627510e66,extrinsic
b27a3cb5-dd27-4bac-b41f-ee81715e0d51,no
d110d07b-1870-4435-adc9-ca265ec03ac4,extrinsic
df45d856-d981-4991-bd75-1e8cc9947cc4,intrinsic
089856d3-082c-4846-998e-b35f19a97876,intrinsic
65864497-7f4e-4c5b-a9fd-b8f3cdd71f28,extrinsic
7b06f09b-ed14-4192-913e-6d6a1bb8f2db,extrinsic
b55a4411-fc0f-48df-9803-5b7600701314,intrinsic
8fe37da7-6997-482b-beb0-704212e970c6,intrinsic
af7d20c7-0d77-4207-a3f2-4ec7ee61680b,extrinsic
4b978a58-d835-4550-ab3d-f1583cea4ca4,no
1629a816-e3ba-45bc-b0ba-90b9de853bfe,no
1975efcd-c7fc-4375-98b5-aee3e177da4c,extrinsic
90f39fe9-8961-47c8-83a6-61663a8166f1,extrinsic
9f9837fe-a9a6-48b8-ac88-7576d11bcfc5,intrinsic
d2a133cc-6604-4d9c-8a6a-7a03a06871d7,no
b7ebf9e3-9dea-4933-a140-e7a6527c1df8,no
84e92bc9-fef5-4393-9368-0f9082abd4cd,intrinsic
ccfc5fa2-05ed-4682-bec3-f34c54ab7dd7,intrinsic
f833b079-b02e-43a5-942e-7cd82701e826,extrinsic
cc59c1cf-858c-45f7-ac83-501e3e4d32a0,intrinsic
a13e7165-b9e2-496e-944f-624cb8b22840,no
f3640a0a-5db5-41ea-9b54-35c9ccdc1c48,extrinsic
76e1958a-19e9-494d-82da-ee4ed2965fe3,no
bef3a421-7c31-422c-89b2-53379ab1af10,intrinsic
a3a2f092-d3ba-46f1-bef0-0d43d3fc00fd,extrinsic
e15a2c06-fb77-498e-89ed-d4cda4eaf418,intrinsic
c02d7d3b-5f50-4568-aad4-0bbfe710f482,no
d8ad115e-8777-4a25-b84a-40d434d2ae71,extrinsic
32e7a3fa-1818-4228-a11d-89de3191be12,extrinsic
d907e74f-8c5f-42fa-9cfc-5f5f79dde00a,no
fd301105-2147-471e-ae04-a18a07ee0804,no
2f8d2653-6fad-4996-891b-b805c08a2f4e,extrinsic
1b195dde-72ae-489b-a21a-525eaf468913,no
5f600ddf-c105-42d7-8688-52fbe91b2c67,no
1b5eee76-c3e3-4960-9e87-09c53d139a7a,no
2771f5fe-ab85-4f6e-a8bc-9e7fe3a05bee,intrinsic
d42d7476-5270-4125-89b1-7fb7ea45dc8c,intrinsic
e8d6bc64-4b57-43d9-90c5-045f9fc66b7b,no
c460e3e1-e7e4-476c-b8e6-400e0d3cccc1,no
0136221d-c3ce-4986-8502-486fe86406fe,intrinsic
20756147-7473-469e-a22c-3a384dfe48e9,intrinsic
e6207295-8b56-4430-973b-b586334e3271,extrinsic
e18b2e6e-239e-42a6-a3c6-0862b7a0bf66,no
3a282882-ccee-4136-9488-164e36271480,no
e0dd1ce1-fb5d-4d8c-9a15-7fafa8e41dd0,intrinsic
fdbd59a5-f0df-4a76-b1d9-28a55363b01c,intrinsic
fbdc72df-ca19-40a8-b5a8-fba45cae9081,extrinsic
3d0a8bde-658b-44f8-9ec2-5f0b61b39592,intrinsic
7664310b-92e4-43d7-8110-7d9ea3b842bd,no
830e6e6d-dd88-4d7c-ba77-a3c99efae165,no
982e279f-06cd-4c89-87aa-f44b8f335c1b,no
e71fa3b3-9443-49ea-a7fb-109e15acd48b,no
70d8edbd-8c63-45d2-a230-e159773a1bef,intrinsic
4b1214c2-0d35-42f7-a05b-c82986f2efb3,no
c61d6fa0-1fae-46bf-ab20-7081478ab11d,intrinsic
c0b94542-5346-4a28-82ff-7748e2325510,no
56fd33c4-9d26-47cf-a11f-8eec87286ed0,intrinsic
0dd54bd9-59de-4d82-a647-b3a12ec70ca1,no
99f2bf5d-e7aa-430e-8869-ba28b9ab2e56,intrinsic
81086ad5-6432-4461-8acb-8bf31497db8c,intrinsic
d4e6b0b9-34c7-493c-abaf-69f5639775d3,no
23f21852-6dcf-4ea3-bdff-2e7c9baa6fcc,intrinsic
53a4fc54-20b5-4a81-8514-c84815ea58a5,intrinsic
645f1565-4910-4be6-b4f1-383a0e782da9,no
3604e359-1d64-4239-b40c-2bf85850d30a,no
6f235f13-4011-4337-a395-75f779095cd4,no
87eebba1-88f3-4bb7-a40e-21f8fef43383,intrinsic
5854b5db-3b17-41b5-a140-836b3adcadd0,extrinsic
dd71e459-9eb0-4aaf-af8e-000250b16a6c,extrinsic
b7ac89d0-2e13-473c-a01e-a8d0c2acf667,intrinsic
e6920c88-2785-40af-9245-aea04aa81f32,no
8b0acca3-c469-46b3-b4a8-41b9b0cb95eb,no
450408cf-89da-42ac-a4e0-c22b303e8d03,no
75314246-18e8-47ec-b012-c94288ee55c7,intrinsic
13bec668-1364-4ad8-9b98-a4f2ddfdac96,extrinsic
d79a0908-ccb6-4a7b-a136-e45fbb40cab1,extrinsic
903b5abe-386e-4688-9a60-090164e87ac5,no
ef5217a8-ddf8-4c69-a577-eba06883a47b,no
bd1c521f-a89c-4f3c-ae66-3213effe919f,intrinsic
9b03f897-e303-45fd-99a8-04ad6f1ac3ac,intrinsic
a72295d4-eff5-4d50-8b28-38c0d41d46c4,intrinsic
e35d2ed4-9227-4ccc-8be7-a465d4d0bdc9,extrinsic
7092a5bb-91bc-4326-8c0d-a93fc22ca17c,extrinsic
79468a93-9874-43f1-8889-3b8bd2d9cd28,no
d04af7ef-086b-4dd2-9462-d4314cbe600a,intrinsic
36285282-31ca-451d-a293-52691422344c,no
ecfea44b-ff1e-418d-906f-8ebaf1b3ffc1,extrinsic
63aef649-8f02-46c2-8588-9966b78376f2,extrinsic
41bd6622-45bc-4fa2-9f08-2fa44e8c731c,intrinsic
4a0b9871-d7b8-4c80-b84f-179da0442e75,no
da83ece8-a746-4cc8-b25e-619f3e447d8c,extrinsic
9a5ab87a-b9e8-40a1-b99c-66b5670e89e5,intrinsic
d21770fe-9094-4312-93b0-76b7b493744d,extrinsic
54f9f08a-874e-4a92-ad18-dc3846f196b8,no
92024210-de28-457e-88ef-a0dc751fb30a,intrinsic
9fbc72fd-4300-4e4f-a93f-9387bb21f4a6,extrinsic
f1bc5ce8-4c76-4207-97d9-90a749ac4d6f,no
85bb5209-027c-40ed-90ab-e9ae80b2aacc,extrinsic
523bf72c-012d-4458-b1c4-5d5de5dbee09,intrinsic
21ad0f9e-4e98-4493-a79a-7fe518262dba,intrinsic
21e8277c-ece0-4c6d-8241-14fc01c1f341,no
a60d2858-9853-4a85-8a66-012971ffca9f,no
4c905586-5b38-4e71-9157-c2930c8ef07c,extrinsic
8ad85409-86b7-4be9-a268-2d4c1474bebb,no
122b124f-91c0-452c-b066-417f72ac75b0,intrinsic
c40c8d57-8846-4486-9f80-c6129660db56,no
1883856a-4ac3-44fc-b6da-f81984156a65,extrinsic
7afa31da-c29e-44bb-b024-77797da9bf21,intrinsic
90979102-f245-4a5a-88e5-f783bb99140f,no
91afe2f2-7db3-4a49-8cc1-30663b7e9978,extrinsic
e302be7a-b024-47f4-bfbf-30c5a1a9f53f,intrinsic
1ae0843c-552a-4111-ac9f-fd37ed37d97a,intrinsic
d0538b22-df66-4e91-a8d7-79a257f06546,extrinsic
7a83034e-bef4-4579-8c46-ab6ad270f07a,no
80618f95-d0bc-4c4f-9443-b92dc97483bb,extrinsic
1dd98f3e-c961-435e-b748-3a0f4c69ba0e,extrinsic
e28838d0-c48c-4d92-8773-b3a514cddc8a,intrinsic
f33f1fb1-a1c7-483a-83da-ad75a92c4470,no
934c5895-7790-4dcf-b640-b14af84edd92,extrinsic
7efba304-016c-4f50-aac5-73098aa1b5d8,extrinsic
83035e2a-9e3b-4e2e-88ec-cd8019863ca6,no
dd9dd4af-e6e1-46e3-a104-0a19cf035726,intrinsic
c4aff211-b3ad-4962-8bc6-c98017275b53,extrinsic
c8fed078-2a3d-4228-983d-650f0ad013d6,intrinsic
03d73e83-0234-476e-86cd-4ccd434baccf,intrinsic
ebfcacb6-7464-4db7-af36-e4d5d1754ff8,intrinsic
e793bf60-1fad-49a4-80dc-e03b87c92f3c,no
b5975b5d-66f8-42ac-935c-82f522d558e1,intrinsic
f1465f78-ffcd-4164-bbb2-cc79e63b59eb,no
9061f6c0-6c46-4629-b7d6-cafac614f2b3,no
752bf02e-d736-4308-aaa7-f91f5c49be7b,extrinsic
87694233-a4ea-4125-9a46-95572babd08c,no
c898d23e-9bf4-48e6-9f1c-18dfbda2722a,extrinsic
a163aa9c-4350-4bfe-912e-6128ccb4c272,no
e9e593dc-cd61-4eea-8b3b-978987d27c57,intrinsic
5298bb1c-df10-4de4-8094-59425d82cb27,intrinsic
e9e80d1d-7239-4f36-9a08-75682f1dd08b,no
b55f97c3-3a4c-4352-b1c3-fefa5c2874b8,intrinsic
916284cb-a32e-4521-874f-2969592fa104,intrinsic
8cd5735e-41c4-4095-adbd-c41e2869d9e1,intrinsic
e3e34d99-8134-4ca3-9859-ac9540dbdd9b,extrinsic
d7fb0ee2-ab27-4b24-b66b-a543cdeedbb7,extrinsic
e2bee291-5731-4aa5-8dda-b69160b1935c,extrinsic
61b93cdb-8e19-44b5-b4cb-233b450d8585,intrinsic
e0f6f8d7-375d-4d0e-b258-6de95f0f58f1,extrinsic
25b0fa47-6484-46d1-bb50-b73cf0c6d149,no
1691093a-3b29-48fd-8862-7f4c4404fc91,no
9008a760-c55f-4141-ab39-c3245d89d731,intrinsic
13118f3a-1a44-4fd9-9696-c43be3df4ab5,intrinsic
f0029de9-8aa7-4068-b078-9ccb565c06b4,intrinsic
d9c1f39e-89fa-456e-8d69-79dc00d9bd0c,intrinsic
0ca5cdcf-a5a9-4c31-a728-af82db98a3d8,extrinsic
da87ad40-62dc-4644-bc57-d8ecb5c706c8,extrinsic
88701ec3-64ba-4478-885e-59f4e6754be6,no
99b7bb23-c3bc-4298-8300-d90be54bd0fc,extrinsic
4e6fda16-ab40-4e63-a87e-a058d5a2e982,no
bfd51b6e-5579-449b-a62a-a64f8655948f,extrinsic
99b23173-5446-4bc3-8762-6280dbaf74c0,extrinsic
fab72bbb-f9f3-4bf5-91a7-337c659c0be8,intrinsic
8fffcff3-31ea-457f-a7ae-4892079f69fd,no
0b9d4ccc-e7dd-42a4-a542-ffc1b0a78d6c,extrinsic
c233417f-dcee-4174-91ae-d6d3b3813563,extrinsic
59e12f32-735d-4444-b4af-4c91c75a798d,no
dad4821e-12b6-4a3a-84b1-b4d269c523b0,intrinsic
706a0ee5-055c-4dac-b598-166c2a057b53,no
b9500414-524b-41fd-a283-12a8cd086cf9,no
6cbe351a-cef6-45a7-b284-dafa30129690,intrinsic
bcedd3e1-ab81-49b3-872c-ad0928e81abc,no
a8de6770-298b-4b77-856e-fb001538a225,intrinsic
2096954b-ac1a-46ae-9ac4-9c346105b208,intrinsic
7945baf9-498e-4718-a193-ea52950e081d,intrinsic
2e57ebf8-c9eb-4cee-a05c-1ad3a50d272d,extrinsic
12b31f56-b45a-42bd-b5ff-9b8fa9de1c37,intrinsic
19359339-cbcf-4d63-ab00-2a87cc2e74d5,extrinsic
31081e5b-1890-4df5-ad45-3a600614bca8,no
6a6bfdc2-6249-40fa-9d84-132e0de21446,extrinsic
0f58fdad-6c28-4e75-99e3-5666a3b0c4e6,no
bc8afddf-bcc0-4fb5-a7ec-bf3369e2b403,extrinsic
3778be96-f6cc-4033-9604-bd747a90ade7,no
40439bef-0b73-4558-b906-3ac18bf3d7f0,intrinsic
f38c2d73-e9f8-418d-b6fe-720c4fb66693,intrinsic
1ea2c13c-66c0-46f4-80ac-b1555fa1cc71,intrinsic
a52476e1-e1b5-459f-9cb2-7cfd3e49dfe9,extrinsic
b893d2bd-b271-455f-85b8-9cef16789bcd,no
1d7eefcd-58cb-43d1-ab5f-ea2203b7b87c,extrinsic
1dcdbeff-76a6-4cfa-b3ac-9002d2b5f8b2,no
c76923b0-e183-45f6-b894-fa4673529395,intrinsic
07c6ffdb-49f3-4ff9-99da-dbbb3d374e13,no
24c557ba-8c37-4fad-916b-b340fa6211da,intrinsic
def56fe0-a0df-461f-9dc3-8d97734ff6c7,no
0f371b68-250e-4af8-901e-5e0980718c18,intrinsic
ae4c57fa-f8ea-4a68-8ee9-e14ca4a2f463,intrinsic
aaa2e4db-654e-4330-8380-42ec4ea8631e,extrinsic
4462119d-c2fb-4edc-9f80-340acd4e2fd5,no
b4cb1e5d-2a9f-42bb-9b5c-223117198428,intrinsic
d70f7fd7-0ce5-47aa-a58d-2d9e8c1e7523,intrinsic
710199c2-96b0-4444-9369-394b73d63af9,intrinsic
9c52867a-8b54-43ea-904b-1180c59a8fd5,extrinsic
d2ea3638-d004-4696-af17-a2626af6453d,extrinsic
5dd1a63b-3038-4608-982e-2c598612aff0,intrinsic
66fa4bfa-7943-4422-901c-e43cba6b03e1,no
5a780eeb-d7d6-4adf-9525-76546c1d4f40,intrinsic
7324dcb3-e9e0-404a-8301-45edb1f15230,no
461a8536-85bc-4e2a-9fae-ee445aef5827,extrinsic
a835b84b-251c-4adf-b63c-b6555644b1b5,extrinsic
0115804d-2ef9-4f6b-ace3-70e706b15c1e,no
987b08af-b2d7-4b4c-ad66-57aa8b8ea3a0,no
ee636efb-5572-43f3-909e-b1dfb3352512,extrinsic
1eeb273f-7b4a-4ee3-8a43-f984bcd3813d,intrinsic
d59cb34e-c6a8-4621-a65f-6fb272ed1bb7,no
b3fad772-1830-4a39-b3df-24c8a2f392db,extrinsic
1a06c574-8962-440d-86ab-ca13507d05e2,no
cf30732f-ac15-4b24-becb-96c17f4057ff,extrinsic
c8f882b7-37f5-40fd-b63d-ee4b3b8f1580,intrinsic
5ba7fe8d-4855-42e2-ba97-5ba45496a9f4,no
a3855c54-6ea3-44be-91e3-aa1f8d3d9ee7,intrinsic
f6d8eeb9-91b1-4a27-a9f6-3f4c7c6b2c81,no
b2783911-7c05-4ff3-9056-ef199cd8217a,no
6085a80e-7510-4e91-bcc9-a8d7eee3981a,intrinsic
76ddc00b-1101-4540-8da4-46b945125879,intrinsic
8afc8c33-0653-4e07-bd1e-13b899bbd203,extrinsic
4530652d-c734-4577-bcee-8d332749ea57,no
33b878a4-93bc-49b9-a21e-6453c8ccb4ba,extrinsic
514eecff-ff43-4521-a1e6-917446d07c13,extrinsic
6c47ee1b-2cdf-49af-8dd4-8455b2a927ff,intrinsic
bf423612-e2b3-458b-b40d-730d3d484ba2,no
0743f801-9ebe-47ec-950d-c50877f7c658,no
9e3f452c-4253-46bd-9b40-332f512b164c,no
e562d5f0-dd81-4399-be78-980765ef864e,no
aec27da3-7865-4f00-8b85-2d1a94aff06b,no
5fa0df40-3858-45a3-b82d-62eb97c2939f,extrinsic
990a4dcf-0ae0-4c7c-aecb-0befda2750f0,extrinsic
966fbb07-328c-4168-831a-57f0a8637ce4,no
1236b9cd-9fb5-4bcd-a44d-e93ca37af51a,intrinsic
f2c58e4c-c4f2-4a72-b2c4-90f690334426,no
964a3b3b-9a12-447a-bc33-648782ab271a,extrinsic
c8d90b13-50e0-4257-a309-8b46daf5ef25,no
30645723-b365-444c-8217-deb8b15ddc72,intrinsic
048377aa-8f07-4e0f-aa50-ca8ccbbf446e,intrinsic
123b6956-2ffb-40b1-82a0-daa1a1f3bf28,extrinsic
0b5a9497-f342-4207-8f45-011310511c05,intrinsic
65717d0a-eeb6-4dc8-8427-84a05d55b19c,extrinsic
6eb58340-df56-465f-83fe-f30dd9c7d0aa,intrinsic
8abb0374-c0c8-4e83-a73e-c4517cdde72e,extrinsic
7efb39c7-e48c-4af2-9051-d3c3238a1131,extrinsic
a5bbe958-1162-4fa1-88d7-422b0aacf1e9,no
6836614a-833c-4526-80f4-4b14aaf3c2c4,no
8941f979-4849-4349-9641-d35297adb6cf,no
267d2ece-264c-41dd-94e5-6ef6f65062fd,extrinsic
04adc7bc-cf6f-4c7c-a278-9652d7f036de,intrinsic
ae5b5ea4-21f6-408c-9147-fc01bb9e27b9,no
3b59d561-5798-488b-9dcd-ef490ffac514,no
c12f77b6-bd47-4ed6-bc08-9a13f2ba7792,intrinsic
84419938-1767-4d62-bb40-4707bfdca642,no
1791dbd1-8ca6-4a0e-904a-724a49255fe9,intrinsic
6029bde5-af3a-440b-8f74-10e9a7a4c05e,no
64d653b1-e92c-4840-a128-f54ed05d037c,intrinsic
4558de33-7472-444d-bea6-ccdbff3a6de2,extrinsic
d0f6ea81-8a68-4812-9679-a6dabe5dd0d4,no
37037054-e56f-4cd0-8e34-c9db53c230ba,no
cf469b2c-ebea-4de7-bf5c-41cab7487a03,intrinsic
216a7b8f-c5db-447d-9a9e-2ceb44d07685,no
d0ee8773-3de7-4ee6-8392-2179f611425b,intrinsic
e292b5b2-cc24-40ab-9493-4683de85e2f7,intrinsic
995fccb4-7fdd-4b2d-b24b-738a03ed0bc1,extrinsic
5da45353-6f4f-46d5-99dd-20661f0440ff,intrinsic
b5ef29d5-efda-496d-ad70-d0f9ed916c2e,no
f55b01ed-e8c2-44dc-a0a2-c9db4a002468,intrinsic
2e028c4e-37ba-4c44-9e29-da69b03c6e46,intrinsic
9238e2c1-d36f-4bf9-a20a-d9d37337ec99,no
105a467b-46f0-4c45-9578-25e3428aa9c2,intrinsic
74b41305-0b19-49fa-a88d-874294a0264a,extrinsic
4e9ab1c0-4f92-43f6-aa96-86b20f3b3048,no
66bfbd09-f776-45ce-a23e-90148a393de4,no
e1196586-6681-4d2e-84bd-ad6579c32884,intrinsic
26522ae4-6eb8-46b1-8626-ff020482e6b4,intrinsic
1dd88e1a-7239-4521-ae05-8a2392f8077e,intrinsic
8971cffb-d826-4652-b584-359e753f4e97,intrinsic
058a5460-369f-4e26-aacb-347805e88cdd,extrinsic
66ca77ac-37e3-4ea3-9db0-b8d098353575,intrinsic
3e0c351f-cc22-4f5e-a500-83f9d8ddc023,extrinsic
c68bf8a3-8a15-4aa5-a017-8612b5c1ecfe,intrinsic
fded632a-e237-4e45-8bcb-1fdf48ffe887,no
8e43be0a-7d0a-4f5e-b9b0-9fc3eb398fdf,no
46e7d9a6-fdfb-4f83-976a-0b21fbbec728,intrinsic
c0a8040a-9526-411e-8f3d-67d56106b98a,extrinsic
cdb83bc1-9f4a-4225-98cd-a9cf32623093,no
de6adbe8-cb6d-4da9-9ae7-5fa2686705c4,intrinsic
aaa62cd9-0f05-4a69-b5e4-1c3d491ac0cb,intrinsic
637f6a7e-480a-4730-aae9-63a574f01544,no
2a71802b-f70f-4066-9eee-5a90dc0b61a2,no
023e3090-4c3f-4d50-a0eb-740a6ae4fddb,no
3b64010a-d18d-438d-b166-1c9c76e3c958,extrinsic
a60d4424-ff46-4879-8e7c-26a71354fb52,extrinsic
a56624fc-a1fa-4314-ba97-95fa96cf03a2,intrinsic
9a6888ce-dd6a-4e7a-84d0-b20d8fe3c1d8,extrinsic
66c97882-34d3-4ec2-995c-ff0b32cc79c7,extrinsic
45e1e68a-a02a-4589-9676-fba0af3d08b7,no
7ecdd1e9-cc06-4ab0-9b5d-6250b8be3905,intrinsic
a4c2ea59-37a9-4613-bffc-2f33d5f92be6,extrinsic
535a1fbd-7ddf-4948-8157-cc157a2a47a8,no
85d58e6c-2e37-44f7-9fbe-225894199b57,no
e436450c-4a90-49eb-8cae-e0acddec7f08,extrinsic
6b806441-5195-4ad4-8c05-93dfd8cfd9d9,intrinsic
344de3c8-f629-4933-a03d-fed85ca0617e,no
0bd34b86-c4f4-4392-bff1-19e4d7bb51c9,intrinsic
d543d712-98b0-45d2-8a71-15d4ce773bc5,extrinsic
1ae79028-9872-454e-ba52-7098710b5c7a,extrinsic
b53b9124-488b-42a6-9e88-4117bec44003,intrinsic
b08a59a1-9d5c-4fff-b13e-9039fd7df30a,extrinsic
80d1f691-1252-4d4a-94c0-98cbe0b8d9ad,intrinsic
5fa5c600-3c21-4959-9560-529dad644d8f,intrinsic
7d032c4e-0b5c-441d-b0b8-2c5e9d64e0fc,no
b6900788-7345-49c1-a93b-4f330cb3ef5d,extrinsic
2b4be479-27be-4679-9263-b98b221ff3cd,no
d2ae9d55-9735-46cf-853b-ec9a41826b54,no
10baa31d-465a-47e1-88e6-e8c08a897282,intrinsic
f1a8615c-017e-4979-8c30-76351b89b0a3,intrinsic
d83526fb-d4cc-455b-8084-ed35c3d15b53,no
fa8eb7ca-2f96-40a8-a4d7-9b4b9afbc718,intrinsic
b36d5bab-c7dc-4ebf-b976-4b3181c1ba88,intrinsic
812771bf-da24-4611-841c-6db93c2fc648,intrinsic
77ec74a8-827f-4a0c-a9be-40a5c4ebe148,intrinsic
9d459abd-c291-41bb-8f89-2e08563512c4,extrinsic
f61a0b58-efa8-436a-8a4b-4348c8d7acc6,no
0c994d35-ca7f-4c19-a65a-38f245f75643,no
38fdf4ad-77dc-4a78-b7d7-66ccf2cbd999,intrinsic
4cc0338e-0b01-4c78-b687-0f7ec23cd7cd,extrinsic
1ce936c9-f9e1-424f-8393-75f1bedf7f6b,no
15afa1f8-6db9-4ff5-bee3-533aca8a8443,no
89a01dbd-b724-4dbd-bd5a-e9f136f2b650,extrinsic
a1725d6b-65f6-4208-ba75-344d1c51133a,intrinsic
ea34fc37-5475-4306-bf34-734b16d13e23,extrinsic
15fe21ae-f101-4698-92e6-6ce4fea9a5e8,extrinsic
3affe973-cc65-43a5-87b0-4bbfc069a63c,extrinsic
3960ef99-e997-4199-a377-13eece7eaa98,no
ca620604-bfc1-4bb6-ae04-18539b7c5d19,intrinsic
36a5d8a7-516b-482c-8a1d-d72220be71b4,intrinsic
e40ae96c-6b4f-48fb-9248-7290df8f34f5,extrinsic
e9b3b01c-ab52-4047-8adc-8c826e180b18,intrinsic
b58ca443-c199-4c05-abce-e53cf473effd,intrinsic
d9a10f8f-e596-4cc3-b7a8-2487af2cc2f8,extrinsic
2395308b-a0dd-4aae-9730-456ec781f713,no
3967ee09-3ae0-4f5f-86f2-d4d5b5af94ed,intrinsic
10c49582-2115-4263-a045-7bc6e4020af2,no
64755fdc-1fbf-4b3e-bf54-d4cea33b776d,extrinsic
4750eef5-c041-4fae-9bbb-0f7777483a2c,no
b3a113b2-6489-4e1b-9eb8-38f4fa0ebdf8,extrinsic
caca0fe8-1800-48ef-bddd-df2996896672,no
f00fab66-d616-478b-b545-653d04301777,intrinsic
cda2124a-650f-4a44-97b6-ad7494b7f6c3,no
2877fdd7-2254-4b05-b1bf-0d5f06161859,extrinsic
592c540b-88cd-4051-b1b6-41b163e0e5cd,extrinsic
5ce0d6ab-81e1-4669-bd80-5877277b631c,intrinsic
6cd26e41-c7ae-4d95-8c94-d76d83c990a9,intrinsic
e7cb621a-909e-4143-a9f0-feca44254c81,extrinsic
0a4a3999-68d4-4940-b224-0c47f4da0005,extrinsic
64d1de9c-c607-4825-9f02-9c26df3403fe,intrinsic
2f349395-f3f5-4088-b99a-af943b4123fb,intrinsic
ae43bb8b-96a3-4d0d-8281-67cb6ec2fa01,intrinsic
f884575d-9cd8-4a90-8ad7-9fbdf6a7f0a7,intrinsic
c5a4aa25-a2aa-4226-b438-e1fc6d4baf77,intrinsic
95f6dd8b-918d-48d0-8588-7fb16edf0ea6,no
ce90d984-1c19-4e63-9d1f-abf7c8a93a6d,no
4944aa3f-ef19-45b4-a854-80ebcb26969a,extrinsic
c843f423-6f87-4bbe-8fe9-19db3235914f,intrinsic
207e4a1c-9d1e-4a1a-93a5-09d8e303931f,intrinsic
ac43fa73-72e4-400b-85e6-51d1149a07de,intrinsic
d8c59641-073e-4ee2-b4f0-6bb8c38eecec,intrinsic
e703501d-8560-4570-89af-bd2b279eb092,extrinsic
72974e1c-12cb-4888-b75b-4bf4429ab0f2,intrinsic
2c7a43f1-899c-40ab-a76b-d48c707ee12f,no
5605368f-bbf4-4252-a9e2-45de2048cd2b,intrinsic
878c8c82-ffd6-4660-8b3b-22cab46741ad,intrinsic
d8c67826-f75f-4934-9a17-76f50ea0edae,no
75282bf4-9e2b-45ad-a3ef-e3d86f899d54,extrinsic
a2d52655-620c-4b01-8e75-c87aed6cfce1,intrinsic
7c0426b4-a353-4e90-b7b9-e232358f8b6a,extrinsic
bf41594e-9567-43b0-82d8-951028b9aab0,no
4412882e-b670-4470-bb4e-c7115f846cbe,no
c8e12207-f46b-43a1-a2ed-285044af867c,intrinsic
3e5a255d-c0c7-4810-8d8d-404bfaab2178,extrinsic
d3b7a1da-fe46-42e8-a963-391bae49dbb6,no
d49e4dfa-d876-447f-a3b5-486dc5f226cc,intrinsic
e6b58394-8a17-49e5-a45a-97aa2ca3693b,extrinsic
49dfa20a-f185-4c56-9db7-05a6e52c7e37,no
7889f749-fea6-48a3-93b8-a2d3843c0f42,intrinsic
d408ba55-7432-4f1c-8610-6c9fef9e1ff0,no
0de7e8a2-e4c3-44f2-ad71-a0c4a7850780,no
8adbc614-2d2e-4666-bbe8-3a42131b7081,intrinsic
fdebb101-55d4-44e3-bb1a-7bd63bb51a7c,intrinsic
10acf6f1-a499-4def-b62a-3e76e2be63e2,intrinsic
337ea4c5-0c7d-4eec-8c7d-38d334c8c34d,intrinsic
597d0f49-ea4c-4d6f-964e-20fc02d02bee,extrinsic
5892629a-077b-4844-8928-f9acbbe879f7,extrinsic
32905746-b0cb-465d-8d30-0fe29bf8f20b,no
db1cec72-fc38-44fe-9d99-4ce7bee44c6a,extrinsic
ee9b3d77-4883-4413-bb29-cf7c79d25a49,no
804335f4-c3e6-4d42-aaaf-11ec1c544b24,no
3e5b233d-88dc-467c-89c2-8b23a115b0b6,extrinsic
dfb07fd3-271c-42c0-9c81-7c53ff9d3234,intrinsic
79c604b4-e80b-42ac-901a-b56535bc3f08,intrinsic
08348a37-8fa4-4ac2-8b3e-aec11cb79a0e,no
abc1dbe3-b4d8-46ef-bed3-4f7b9eb3ecd4,intrinsic
d390f006-ccc9-4cb6-97f9-f4b68a0ec1fc,intrinsic
8614be72-1597-42e0-94ca-4d429255cb34,extrinsic
3bbc6831-c824-4e00-93d3-36e497a8cfab,extrinsic
54820b6d-e85d-4eba-a178-1235cef95271,intrinsic
c99da6f3-b88f-42b9-9f5e-045ced24091d,intrinsic
ce72ddbc-252c-4c79-843e-c6aa8cea9093,intrinsic
2c6812ce-3666-4c6e-8a0e-21d025c4dc95,no
981d905b-c5c2-46c4-b9ed-790a04ff95c1,intrinsic
5258943f-b2e7-4198-b967-b18c2756b6df,extrinsic
0824b90b-85f1-43fc-8081-b459362782f2,intrinsic
7c89a2c7-7224-4801-be15-56458066565e,intrinsic
39dec88e-e870-4a4e-ad6b-b745ceabb613,extrinsic
e666de37-a388-4f11-ae07-007a803b93e2,no
b7b514e6-0d9d-4a4c-9bc6-c946a1a4aff2,intrinsic
ea10b65c-0320-4e88-b01f-c7640046e34f,extrinsic
f2e625ef-9a65-4287-9e48-c35f549d4749,no
5acfca79-b435-4b78-aef6-accd0d02ecc8,intrinsic
509a45cb-d036-4dcc-8648-7e843e339e7a,extrinsic
be2d08cb-c9f6-491b-9ece-b2cf3554b0a2,no
3f7f35d9-2264-4500-a384-f0b275e0396b,no
6237a2cd-0a72-40f2-a20b-bfd4c89dcd24,extrinsic
fa6a1e70-6cc3-44b3-8e9d-d405400a52a4,extrinsic
1a2aa8c9-ab02-463d-b5c6-80996147a58d,no
eb96bf86-b988-49af-9518-88fd316cf3e8,no
d3ce81fe-f25e-4f3d-97de-a22635a158be,intrinsic
c171ac96-d63e-40a0-a1c6-c8b6eec42122,extrinsic
bb427409-1725-4d07-b357-67eb24ade123,extrinsic
690832d6-0e3b-445c-8797-fe462ab88893,intrinsic
eb032f8e-9d22-4761-a260-f780667677de,extrinsic
232e1607-0263-4f1a-ac02-efb50f76535c,intrinsic
c5152040-3c52-4bf3-a146-a90e9bbd57d0,intrinsic
d14e2d0b-340c-4eda-9062-f72c6e8fd48d,intrinsic
ca838d44-bb12-42e4-8a7b-fb9875a76086,no
ec8f6abb-c611-4937-8167-3210af623caf,intrinsic
3a27a067-69a3-4c63-8003-f571cbb84d5d,intrinsic
6ad33196-c488-4d6f-8cec-3775a119085d,no
effe586d-bc54-4e3f-99df-38e5accb1d9a,intrinsic
da4bd2c4-67a9-4677-a231-7287f86b3061,extrinsic
165ece75-7d72-42d1-8792-c0dab4d12bd7,extrinsic
8a9c654d-7fac-4f98-9e1f-5564bb6be5ec,intrinsic
7abf7656-ca71-4d6f-ba13-2d4e73a0e058,no
5df3f2a3-4dcd-4ff2-96e5-3741668e880d,extrinsic
f8fa0a33-b326-4d42-9dc8-af273da3b84d,extrinsic
7a5d86cf-eb29-4a98-b085-d763411a4787,extrinsic
3bd2c0eb-a9f4-42c6-8d79-8eb4e2638f87,no
a2a0e7d5-b85f-4530-a651-dfcb335c4d4b,intrinsic
6d037cb6-25b4-46ca-bd08-4d0e11b0f272,intrinsic
9dbc4b3c-8adb-4330-b98c-d236f0fd1df4,no
8506e9d1-3dc6-466f-9831-1036bb99235d,intrinsic
f0d1a417-25ab-4ddc-be39-ae16770c3baa,intrinsic
899039ca-1ef5-45da-89a0-b749ccd3f5be,no
c0a94c69-0868-4350-b032-4d292ae8a8b0,extrinsic
32841e78-2523-4dc5-bde6-f0925bc332ea,intrinsic
d0186330-70cb-4bb8-af1b-90b151387720,no
e9d63e74-9c2e-4a3b-be23-d35c9dd80be7,intrinsic
d14d4b04-57f4-420f-a22c-b36ba361dca6,no
94ab2000-d3d4-4cda-953c-0414dfc02a3f,intrinsic
7a0066e9-8848-4fd9-ae2e-6c0f38813b57,extrinsic
da2a37c0-8a09-4ded-a01a-2164bd4bbae0,extrinsic
125d2073-55f5-4945-a0fd-acc7d00f7048,intrinsic
245a04ca-a4ff-4ae9-b8b6-9479668595a3,no
ddfdddda-796b-4034-8b1f-3565268d7884,no
183d7dcf-d840-442a-9d1b-d676a4eb1fce,extrinsic
60b6e773-8382-476c-8b78-aa72b3ffa448,extrinsic
347025c1-8be8-4b89-a1ef-e0ef0b01b650,intrinsic
cfd8baae-ea4a-47dd-b05a-8704bb98fd7f,intrinsic
d8d77b2d-f7f4-45b8-a82c-f90331231998,no
de19f048-4c97-4723-bd79-91326fbdc9a2,no
99a4b50f-7421-4ae1-b993-449a2ca2fd20,no
99ceb64e-d1de-4910-91c6-dc02094122d4,extrinsic
be184e2b-895a-4845-a1ee-789a38a13388,extrinsic
cb33ad79-6848-4a67-9acd-ebe92198d1fe,extrinsic
bd58e462-3641-49b8-8483-3c2876eac890,extrinsic
58ac2b23-8020-41a2-abd1-7540197a4b62,extrinsic
bca112a7-ead4-4822-9858-56456833eca7,extrinsic
8756efb0-68cc-486d-889b-750e34586ef1,intrinsic
d4969aca-8880-4cd6-82b1-9d6dfc8be37e,no
9ecf44d4-25b5-46c7-96cc-143c9867c601,intrinsic
3002d24b-3a40-46d1-a404-60633b0d6cad,no
188b16ef-5eb0-4f45-8247-cd8f6e04a6fc,intrinsic
10f9e74b-ddd1-4bc4-a7f0-7497b9a66a98,no
1eeb53dc-b4b5-4e4a-ac6d-433f661dd0fc,intrinsic
73959e1b-62b0-46fe-9fb5-3b8bd5ab5f9e,intrinsic
e4aa92e2-7614-49b2-81b9-1c95be777a6a,no
2d602b17-aecc-4a19-9f60-1ad01449e3b9,no
701a7b84-2cb9-4f47-80ba-9b17e21d0af8,extrinsic
7ce75ade-1ec5-4de1-9cba-35bfd2cd5b84,intrinsic
b5ac953e-5c23-4066-b6ed-c127fe2fa409,no
21995e0a-03de-4bd9-ae46-fbaac42cdc0f,no
32c63e29-1b13-404d-a3f9-16c4b4f28169,intrinsic
bcbd9474-2eb3-4e98-ba43-36bf25f6651a,extrinsic
6cc06db4-28a2-4aff-ae73-945803ea7af4,intrinsic
d20976ac-ba51-42c9-b22c-9257e1a5fd8b,extrinsic
c00022c4-9d3f-4dab-9b8b-7a0800a46b26,extrinsic
86605012-5268-4f05-b5c5-389e4d2efd67,intrinsic
1d59ffb0-caee-4b20-a4f2-dcee67dc3abf,no
547f18c5-b543-4d20-85cc-a1159487ff0f,extrinsic
76e2af55-54de-406a-a4db-3921caf23b57,intrinsic
0864cfd8-c8f1-4dcb-8fef-5e3901a657d7,no
ce317d6e-5b33-4d90-b611-8180c319fd74,no
f133e7e0-b234-4d8f-9903-0b71efdfff33,extrinsic
af2c5f9d-c318-42d7-bb9a-c046ef87be6a,no
ce846fcb-cfac-4ecc-bf9d-693f34896ccf,intrinsic
8bb6c4e5-13a7-4cd1-8328-f0e6f7a3f53a,no
ff2b402c-adfd-4191-be88-ffa6994b5c35,extrinsic
91511518-b597-474e-be49-3ca9e5dc8eed,intrinsic
98aad28f-c61d-4b4f-9995-14e5020355f1,intrinsic
aadbe138-59ae-4e98-852a-ea833b960478,extrinsic
44fb62cf-5fab-4715-ac1e-c77695a24760,extrinsic
206de598-9418-45b6-a87a-a71228a8aa41,no
1e2349d5-a208-409d-aedb-5e06b15bec05,extrinsic
ee5dd72f-8de5-405a-b9ce-92c035127849,no
66cf7b59-956c-46de-af49-1c25ed8e5aef,no
e8393890-3416-4e9b-b24e-65692df8e1c6,no
8e175e97-b9b7-4f2e-b211-d3b146840340,no
1fa631af-b45b-4784-98dd-1dbb6baca179,extrinsic
805d5f4d-f268-400a-be7d-c47dcb3b5e8f,extrinsic
464a89e1-edaf-495b-b667-b88691f40ece,no
a9d9625e-dc84-4b62-b957-c881a4e736da,extrinsic
65670ffa-3574-421f-8040-e5fa0b9a3aa0,no
8a835eb9-e081-40f1-9adf-b609d755d378,extrinsic
c904a6c6-3cd1-4615-a30f-edaee4ae6d9c,extrinsic
ea0f7a4d-69c8-4430-bd55-3b58b1399052,no
b8733a1b-d451-4d62-b2b3-f3c0cfb51fbc,no
15b89d18-69c7-473f-b8fe-d9d7f8be91b9,no
d651b9e0-cd65-4ba6-a8cc-ae3df1412081,no
ee2dcead-d5d9-4337-9afc-e3829103aafb,extrinsic
aa596b7d-5e38-4b55-bc32-88816b620ff3,intrinsic
72ae4e8d-2eb2-499b-8341-e7d606b9a104,no
65880d56-f0b4-4224-871a-9a19bc5b5b17,extrinsic
b56c4aa5-a71d-4c7d-9e1d-fc68e32b47c4,extrinsic
48db8ad2-94a4-4908-9c8c-f138d834a269,intrinsic
3d53b7ab-333f-4736-97f0-a96138a06c55,no
74c4116a-3894-49d5-acee-d28aeb1bf808,no
0e1ba749-aa2d-4048-b57c-e320397e7f16,extrinsic
da3f8668-2fad-4266-82ba-ab2270b588e7,no
d38cc6dd-fa1b-4992-b910-4119d93e49bc,no
65ae6e3f-bd0d-4ef1-9e43-fb5801a01f19,intrinsic
af2594de-b397-441f-b361-00b3924631ed,intrinsic
d64b3ade-f79d-47ae-b4a5-e9a3603ff130,intrinsic
f331a23f-9fee-4d06-970a-829d695f9aa8,extrinsic
2bb6a579-0487-40a4-955c-7c052d175b1b,extrinsic
39d44489-c7af-4055-a5ff-7f9443bc4126,extrinsic
b31bfb8e-5e6a-46a9-b4f2-0d6301583e85,no
19bf8e6b-3702-4c5f-af1f-2b7a65e69a5f,no
3055ea5c-3e7d-4fbc-b119-fd020c40edee,extrinsic
c1cde077-4740-40b6-aa40-816712621fbf,intrinsic
4a778ecd-9aa9-421d-86b4-240e26280353,no
b10230a4-8d4b-48f4-91d4-a67d9b0c1c98,intrinsic
c48c25b7-1ac8-4ec8-9847-b527492f65fa,no
c9a7be6f-355e-4917-a8cb-e3386f569b4b,intrinsic
7c22a846-1ed0-4f15-8abf-86ed93455b34,intrinsic
70668a1d-bc7b-4783-abeb-1c808ea7d5ef,extrinsic
86803aa9-f544-4833-8eee-0db17530c8f2,no
4435471c-98a8-4c82-a5a1-774bc4df5491,intrinsic
b2c3645d-c70a-4114-8bb4-afebed881c00,extrinsic
90237448-f2e6-473e-9bb8-2104b313815e,no
6d212739-74b7-444f-a2f1-e636b1e96bf6,no
d058ac5b-2763-4d2c-a4da-5a3ace0b6710,intrinsic
74fa0f63-f450-4f37-ab10-5c410797db01,extrinsic
7b19ceb7-6bc4-44df-8784-31ea299ad531,no
bdc2e905-7c49-4c90-bc86-e18f580ba74d,intrinsic
d2c76984-9ab9-43c7-b91c-0503e8152e54,extrinsic
63d86793-e531-40d0-a861-d14c44526eb3,extrinsic
45468c88-e901-44a3-8962-b339095a502a,intrinsic
afc834c9-0668-4f5b-aeb5-8596fb018d31,extrinsic
997d6844-0dc0-446f-bb51-a8199749fbe5,no
52d158fc-3ba6-405e-970e-8894ade4f1dd,intrinsic
52c77165-5d39-4ac9-a997-548bd3f1927f,intrinsic
21a0d564-ce6a-40fa-a84c-aeb5ebe11878,no
60671835-01da-4004-a805-865a14e33e8b,extrinsic
5c978b90-5c9d-4350-8ef4-b5096326c419,intrinsic
16c9914f-9484-4ca4-b631-aaf00871c4d8,intrinsic
5ede5384-3356-46cb-9bcf-8fbe4f49270a,intrinsic
ed0433fe-4317-4ce9-9c56-9535b2aa056c,no
64af8e8c-390f-4236-a2ea-62e8333f5857,no
cb25604b-6d79-4042-8965-e51f8fdf5f25,extrinsic
6557db59-9cf2-422b-8d9f-56bd4d0cd1b1,intrinsic
564a060c-44b5-4cf1-86b6-de981377adc5,extrinsic
c85e4dda-ccac-451a-8b07-a3a736598c7d,intrinsic
bb38efda-e235-4ca4-aeb0-407a5a320639,intrinsic
386616a6-08c0-4ec1-93c2-b6db20d38505,intrinsic
2fe487ab-f8cd-4666-a6bb-a9c39345eeb9,intrinsic
186dbd22-b0b9-4f17-862e-dce383045015,no
24b74ac1-00e3-4cd1-a098-147f50fc2c07,intrinsic
1089cee5-307a-4819-89ef-4bd79ecd2f6e,extrinsic
2cbbe9ff-aff8-4a96-860a-cedfa96acb2f,intrinsic
ad91e1f1-6d5f-4921-87ae-25a74fdc8f23,extrinsic
2c7bbc1a-c170-43f0-a49d-243f4961dc0f,intrinsic
754eb1cb-2da0-4ffe-9033-666a89f25271,extrinsic
d8caeb9d-bd1b-4d71-a147-49a6dfa7506e,intrinsic
b6540518-d051-48c4-a6f7-80957d168939,no
1567d1b6-9234-4f04-8453-2269d2d11f89,intrinsic
6f182ad1-1e66-4b45-84e6-c2b1481c42e0,no
e2fd80dd-dfae-48f0-aabd-d7b6097e1f3a,intrinsic
73c6a156-e099-4aad-85b8-c0501e5839a6,intrinsic
9f8a57d6-a3ee-40f7-84ea-62c8257a27a0,intrinsic
ab159190-055c-43af-951f-cc178fa60324,extrinsic
32bfb541-fef6-4b4f-af6f-78154473bc73,intrinsic
e16e6c61-17b8-4ae5-94fd-030d64de8374,intrinsic
d3686e4b-2c1a-4617-ab65-973ed45cf6e0,no
64c49caa-4ea7-4af7-975b-f06605cb02cc,no
8402efb1-ccbe-417d-a152-f5558d99a27c,no
13cbca94-28b9-4fc4-ab86-e2b519206e4a,extrinsic
7f7fe80d-5eb4-44e4-b48b-db8dcfe09cd6,no
5952685c-bfad-4efb-9f52-3291a7a88a4f,no
75f4f5f9-c3f5-4f90-b945-5df32f22636d,intrinsic
a59d6c54-3d08-42a1-8657-355b747308f2,no
2f5bf0e7-ce05-4496-bdc8-9ba72a13a425,extrinsic
0364d399-f246-4059-a5a3-c6a1d3edca3e,no
a11b47d4-a798-44dd-87bf-0c9eb74f38ff,no
d356dd8d-4b08-4d4a-b254-0552befa8531,intrinsic
df653a40-d2c6-454b-aee0-a8a2157ee7b2,intrinsic
d0b5d47b-f843-4f8c-b408-650ea3c86910,extrinsic
48c43fd2-dbf0-4055-9395-6f2e7f49768a,extrinsic
ed60292f-849c-4db3-bf9f-31d536fe9aa0,no
b1173972-cab0-4c2f-a810-d9c8ff4840e2,no
e057259f-a769-40a4-b2d4-24abb97d98bb,extrinsic
30b4ecd0-148d-4c00-b527-da89c07d594b,intrinsic
6d78e025-49e3-485b-8dc8-f58891752621,extrinsic
66c9658d-0bd0-482e-8bcd-3ebab84f0de4,no
47cbae59-4316-4039-a89c-bddb66f93ade,extrinsic
61d46801-7713-4ae7-8ea4-1c86962eba43,no
ed0ebecf-ee4f-42de-a44f-afc81968d087,extrinsic
69f134bf-714e-441f-a87e-c5298e4971f0,extrinsic
939c2ea3-2779-4f43-9dda-75592496a35c,intrinsic
50a7e15c-1ca1-4744-b331-4e4772e376bb,intrinsic
6ccd0006-800a-45c6-89e8-1b0a0b59239b,extrinsic
b92d18a1-af2a-4f8b-9e63-6ad36e30b185,extrinsic
8fcace8a-3050-4209-86a2-9ee2ca66ad2c,extrinsic
fba52ed7-c354-494b-847e-09d0d07005b8,extrinsic
d6c07ced-c421-4ca9-b839-33af011ff07e,no
962d24d1-c421-42ac-b64a-bcae31718c2e,extrinsic
1c227b0b-ffd6-4cb7-b582-6739fadc2fd4,extrinsic
a85f2199-fff2-4212-aba6-7ca08c97784f,extrinsic
0d65e7e0-942a-44cf-af01-b0e4063261fd,extrinsic
cb6508c1-78c7-47f8-8255-03a617a9e44d,extrinsic
f6e4e860-a4d6-4e3f-8c8c-c5f532963286,intrinsic
7b9c9e95-a5fd-45b2-8df7-bf34a58d19a5,intrinsic
d6034b67-93f6-4638-8c4d-a60ea313d47e,intrinsic
cd10345b-bc65-403b-bf0e-7301047466c8,extrinsic
90897a80-4362-42da-bbe5-d423943029f0,intrinsic
fe962319-b666-47f5-be00-d0b92dd43526,extrinsic
fae9db9c-d403-4d2f-94c8-0a5a5faffeb2,extrinsic
282a48b0-fc0d-4184-87cd-6625c79c277a,no
33cac6f2-ea3e-4752-8785-f3fe73f5cf5f,intrinsic
1c1d4230-cbca-4ebe-b76c-08e0fd71de76,intrinsic
b4f2430a-6956-402b-8eb7-b3a226dad723,no
c9187bbe-e388-452a-ab2e-98d79231c2e9,extrinsic
0b136a2f-9895-43e1-b4ce-bfdea1970bad,intrinsic
0002b256-3853-437c-bf7b-587c38ed3c6f,extrinsic
8d072c3e-3c4b-4914-82b1-68236b2aabd4,no
a21b022a-37c1-46b7-ae84-08908416b6c6,intrinsic
c9f50e8b-a0c1-471a-a08c-3dad80f844fb,intrinsic
c18ac64c-fe23-4a3e-ac9b-ce885b3741a6,intrinsic
71fd5ac4-3260-47dd-ab77-83ea229713f9,extrinsic
f4516227-3150-42c0-8deb-a74e7c2683d2,intrinsic
6a1e62da-1fc8-4ddb-aa72-c835759a3c09,intrinsic
081f819d-d587-44ff-8c6a-c3ca2e31e624,intrinsic
53b0db6f-f711-4dea-a66b-ecf0c197f35a,intrinsic
6a221f4a-1f09-4275-9a85-9f60f432dc47,no
c1c71731-78cb-4a15-ab4c-e4ce8050b335,extrinsic
53cabad9-defa-4d0c-9dec-46be4ce52af2,no
c05dad12-28d8-4ae2-aac8-d276bdb522a5,intrinsic
65feb833-175a-4bcf-bb68-f0aeecd1e0f4,extrinsic
73e5d11c-da79-403e-b736-9811f3af4cd2,no
aa5a7631-8f13-4f5a-8292-f031c14b9dc1,extrinsic
2ce4e36e-f140-4bd2-9233-367a65c54343,no
37cd1f09-5327-44e0-b8b3-504067761929,extrinsic
9873cd5c-d0ab-44ed-ae90-174ea06caf2b,no
1e4fe459-3075-4168-965d-0b45e547a93c,intrinsic
0eb00e70-450a-403a-8062-368e2668bfe6,intrinsic
15675da8-3295-49b9-a3e5-a4c7ce0c140a,intrinsic
245baa45-8005-4345-b59f-2c9f9d075d40,no
3ceeb950-9784-4896-b6f5-8a8b156e42bb,extrinsic
2b813f2b-6543-4165-83c1-b672b0fad10f,no
ba615675-efe9-4823-bc97-62940b126b63,extrinsic
fc350443-db1e-4ae4-91a0-ceb5c0413b41,no
095bb56b-fe88-4e04-a880-ac32a8be95b4,extrinsic
4502c0c3-7dd3-4da5-9584-81111fb74f7c,extrinsic
7680743c-c378-4fa7-981b-fc78da87b54f,intrinsic
59873c5a-99c8-4592-ad23-bf4f4237f8fa,intrinsic
fdd945f8-a656-42b1-9976-ea7a282501a7,intrinsic
480dee90-77b4-40a1-bad5-40ee8e1c388b,intrinsic
e3f6016f-52cd-454c-8653-260b454d597d,no
3d83aedb-cb68-4170-bb9f-d9d125444e7f,no
224236a2-6bd3-45c6-8a82-8fd4e68129f3,extrinsic
ac16cd97-2f15-4571-a584-8b92696635a7,intrinsic
59cc6648-f0ad-4360-a5dc-6e5f1f10db95,no
96757b8b-eaf9-4326-91c1-f84610238344,extrinsic
84802556-9476-42fb-a404-3c3738d9e561,no
2a074e18-047b-4ebf-ae58-a505d1dba279,extrinsic
cc9b0f5e-4784-436c-8bc1-3e268b5de377,intrinsic
ecc434b3-5555-47f2-a11d-50851df8bcd2,no
5f7ac773-6403-4fab-988c-419a38e7b73d,intrinsic
ad85b10f-8bfa-466e-aba9-c10e9c785bfe,extrinsic
20232941-6b24-468d-a934-234e78e54ebb,extrinsic
601a1751-82b5-4aa2-804a-9d730c7550bb,intrinsic
25cb7baf-2a42-4a30-892a-e87a095dbaf8,intrinsic
dd9ec0db-80ef-4c0c-bacd-d31830a099bf,intrinsic
74b7d837-eca2-4a5d-bebe-8138b94395b5,extrinsic
58dffe1d-0490-4906-a8b7-e48e0611b138,intrinsic
6d91992c-fd33-45f8-8438-2161f1a674d5,no
363db022-bbcd-40b1-aa03-88ac8675eb0d,no
65bc915b-1ebc-4270-8560-60145fef1f00,intrinsic
4a6bc730-2ffd-474e-ac9d-7a22c5899b4a,no
f41c73dd-c5ea-4ee1-a92a-6241cf03c97d,extrinsic
d5ea5697-233b-4898-a8be-cb291a87321b,no
15e0875b-c204-40fc-95bf-d7ea5a044f26,intrinsic
8c84a54f-118d-42a6-be75-515539b13461,intrinsic
3d6e5f07-1c29-4738-999b-403920f180b9,no
b6fe2e40-2594-45a0-a805-46e07a0dd0ff,intrinsic
44091ea8-c1ce-418e-8102-4c88af68f8c4,extrinsic
d1b5bd1b-7078-4500-862f-2cf1f924cf41,extrinsic
76e4949a-8afc-4a3c-b671-4e9b2921fefe,intrinsic
11b1688a-4357-4e29-ad84-37bb8e0256d5,intrinsic
1c0640f3-7e02-413c-bfcd-c0d34091ce4c,no
e2b205e4-35dd-4175-9b8c-cfa2509cd05a,intrinsic
a80981b4-4ea6-4b5a-a4fc-81a02f93ddfa,extrinsic
2b52dca4-6c8b-4534-858a-c0a07e3d0d3b,no
4cfd93e4-eecd-413f-b293-3e29386f13b2,extrinsic
67429bc8-1e12-4fb7-be91-3179786f4459,no
d8ee6f7c-b182-41e3-82ad-fd9e928484dc,extrinsic
09884f26-1d92-48e3-aba7-374479f86098,extrinsic
edd98ed8-5e1b-4cfc-b792-b9206710eefc,no
7dca0fc4-8329-45e6-9a8b-5dac389e2b58,no
6ab7a59a-1e6b-4cbd-9dc6-93809e02f05d,intrinsic
df3b1e3b-eec8-417b-ac7c-a0e5e6e51484,extrinsic
8acdc9fe-4343-4805-8dc0-a3d79e0cc9b4,extrinsic
f5ab4f5b-026a-4b40-868d-e3aa32cf2037,intrinsic
c9054cd0-46df-4dc1-8541-65fe96a3dd1d,no
42a0d02d-3f31-4b05-9bb6-4145dbabfb84,intrinsic
1014e897-5e22-4060-ab5b-90686e3813fa,no
710c20c8-8752-4e2d-b100-0dcfde1004bc,intrinsic
5818e709-b0d6-4c0c-a5d9-50f27c653ff2,no
3453630b-e1a9-4c06-87ce-56d326f2849d,extrinsic
47181dff-66f0-47c1-bca7-09a7b80dcbd3,extrinsic
8d55a4c8-02e1-4103-b2d0-3126654e7759,intrinsic
dcab1366-6434-4c99-b339-8b0592b55959,no
89fd7059-6b26-46db-be1d-b145d5342b49,intrinsic
3142b392-403b-437d-9793-1557f425d460,intrinsic
99bc23b4-40b5-4109-b748-38dfff0fa6df,extrinsic
3740fbcf-67a6-4443-97ef-9222df992215,intrinsic
f46b291b-fd44-4be0-82ee-be61d9601d79,extrinsic
5417f9fa-e8a1-42f3-b5cb-e2645af8ff0e,extrinsic
51ea1edf-ccf3-4915-aca0-0d143f996d20,intrinsic
ad886caa-1716-42ed-acf8-2ec9058bd6d3,intrinsic
d5c16384-8edd-4c33-9283-71818a6a9d6e,extrinsic
5b78bfc2-0de3-4ac8-99f2-9aedadd428ea,no
5b7bc936-885d-416e-8e93-4b8edec4b85a,extrinsic
9e37cc4c-647c-44a2-acb0-63df2b74858b,intrinsic
bc958fc7-a8ac-496d-95a8-1d4a81f3eb43,extrinsic
63417834-d754-4895-8cd3-fa861a9daaca,intrinsic
8c8a180b-9d99-44b3-8d4d-afc6daf87f74,extrinsic
dc659c03-3866-42db-91ec-563ded26de8b,no
1a1e1374-59f2-4a77-bf25-9bc95bd2694a,extrinsic
addbb3d6-e894-41db-b532-c82caa108363,no
8de1a4a4-8b19-4c4d-9d9b-931baaf95ced,extrinsic
6e8466ef-f504-492e-9c6f-a40638a0e60b,no
239a7fbc-9328-4d9e-9d28-fa29a70d5d56,no
8e876e46-5e53-4cd2-8477-e50b87ce0977,no
2521e017-88b9-4c9e-b565-9a105ae62256,intrinsic
a9c3f1cb-3ab8-4553-a9b8-dbb688aa4bf8,extrinsic
e6f330dc-7c68-46db-b120-3d09aa96835e,intrinsic
cfdbe4db-9fde-4798-9139-988f63ff8a10,extrinsic
a69e6c4a-0984-4757-8edc-85e449af5649,extrinsic
4942f74e-fa2e-4680-a48e-504f3740915e,extrinsic
e335f5e6-1dc5-4c72-93d5-5c10afbd0462,no
3bae0334-88b6-4272-92fa-f2592edaf78a,no
e5aae8d2-e857-4a7d-bdcd-a5ebfdec791a,no
8541a159-ba02-41a8-aacf-2882cb934d04,extrinsic
0e7db9f3-839b-452c-adb3-f0d10d8614c4,no
4ee9c4cf-f361-4f5e-81ea-f2fd9b18de28,extrinsic
93efe370-c58d-4073-940f-7d3a5467ecc1,extrinsic
cf67f640-ae6f-419f-84f3-a5b33a8ea139,no
1f962f7f-4849-4188-acf5-b999dc8e6159,no
d525aeec-d311-44a5-b308-88fc1be28645,extrinsic
e6c6abd2-27a6-45f9-b06e-567bb19ad510,extrinsic
27af646d-6fa3-4d53-8fc8-70e8f6a4bc75,extrinsic
8c876984-98d8-4302-93bd-93b7f77d96c5,extrinsic
92f2108a-686c-43a3-ae96-78eeca89aa8e,extrinsic
00b3d0a4-1847-448e-b3cf-7bbaa886d89c,extrinsic
923e9909-4787-443d-ac2d-32bbcc7f657c,no
ad38ee1c-6d7a-4748-842b-4d73376f5f9c,intrinsic
955ac121-6601-445e-842f-6a47771c6819,no
378b9bf8-338d-4b4f-90a1-fb3a708a15d7,no
4076006b-12ab-42c4-870f-e41ad89ea6be,extrinsic
7dee34b9-d97c-48b9-9a5d-ba2b35f22f05,no
82350664-be88-4610-9254-90d1bda92c12,no
3b6a5999-1b2e-4603-a689-3f7b4d661c3f,extrinsic
5c17b718-881d-449b-b49e-ccb228ca5383,extrinsic
99063a76-b2b5-47a9-8ba4-92e9e9c4d756,extrinsic
687eb967-5692-481c-856c-6863ef541c7b,extrinsic
041fbb2d-53ad-4f9a-abea-1d81931fefaf,intrinsic
aed93d75-7ed0-443e-832c-5a0ec3f2c47b,no
3064b586-e983-495a-b331-3621c580e203,intrinsic
dfae3ba1-3f97-463c-b2dc-d25041b4fd76,extrinsic
96e6d519-8016-4e27-bf42-e9b3bb7728a8,intrinsic
2fea559e-f778-460c-9602-91f9420f041b,no
7b85bfd6-9981-4da9-903e-69ee85b0256a,intrinsic
144ecc9c-7779-408d-ac29-4938c99262d3,intrinsic
6a5116fa-b9a5-43a2-8f4a-743b8ac1da36,extrinsic
9234ba21-144f-4e8e-ad76-65654e210635,extrinsic
f23854dc-0457-4715-85e6-da655d3d427d,extrinsic
bb5600c5-6959-4f55-acc4-2016cb085b86,no
1c6bd8ad-1525-49be-9f51-44dbf231f174,extrinsic
28d8dd19-3c27-4eea-84ac-15428e67c24e,no
61feeb94-b46b-4068-9912-67c2ef0a5a74,intrinsic
78a80a85-d373-48d4-91ca-1c7dbc4be575,extrinsic
0f64dda1-7755-49ae-8c96-1f502d03071f,no
5d918e76-0242-4e79-8647-339ada14bfb4,no
f4228dcd-2624-493b-a048-39c40378683e,extrinsic
77c61fcd-40cf-46c0-9e40-f5e98d3a1965,extrinsic
c92171d9-9b76-4abb-8646-3f529c752603,intrinsic
e05f15fc-9c0b-454b-933c-3216e1fc7e0a,no
b8d39835-0a7a-4dec-b3f6-c3124968c851,no
4a215f96-199a-4b1c-a6d0-d0f8344b644e,extrinsic
0bee5543-7afb-48b1-97c4-3ba673fc1be9,no
9aa5d015-8df8-48d8-aa22-5bb3f5d2a454,intrinsic
c507856e-fb00-40fb-abe0-dbd911feb893,intrinsic
2b1f3788-89f5-4229-a064-9715f923ab32,extrinsic
ed884828-be4b-4ee2-ac34-43f1ffa8b780,intrinsic
a229ed57-fa8b-4d79-bc30-49f3d40491cb,extrinsic
1e093bff-bf74-47a3-adc9-0642f1c88649,extrinsic
9f3eb778-9af0-4a14-aa2f-abfde6fad9c3,extrinsic
2c5d52f7-3809-4ffd-93be-dcfb819307bd,no
efeae046-f5a4-4a41-a2c6-4e0083d49cfb,no
3d8544ff-7932-400b-93d8-ca62bbf02c48,intrinsic
c51c97b2-24f5-453b-9e6b-c7e2589666e4,extrinsic
10dae80f-1150-466e-8fe6-d954abb4a173,extrinsic
d1a1abdb-ff1c-46a5-bb7e-47462c675416,no
f2326d77-ee42-4dc6-8a92-49243b06946c,extrinsic
888e82cb-a524-458e-8f16-34a456216472,intrinsic
9d5ea839-38d6-4a45-afea-b46c19891f9e,no
6baf3973-6f37-49b0-b404-a4e39a2d4d41,intrinsic
ac13e156-10d8-4b9b-b1ac-2b0a3aedbf57,extrinsic
885254ac-5321-4127-8716-908b0deb3204,no
c422a146-5f63-4303-8d51-f877a16f4538,intrinsic
fa935a3e-9329-40c3-8a0e-036bfca394ea,intrinsic
6fd261a7-8f0f-44c4-bb23-ccd11bfcab98,extrinsic
860f2469-5102-481e-9028-d1525aa76af9,no
bc7c420d-9e8f-4c03-8cbd-cd82a3f8619b,no
33a1ca5c-6eff-46e1-9fa0-bf6f036e61bc,intrinsic
9eaeb929-016c-4ca5-9a4f-b269566d00ea,no
ee669cde-33c7-47a4-a3e8-a8cb96a32ada,intrinsic
17b16478-202d-4b21-a05a-7eeb426cda15,no
9e67bcee-c636-41f3-952c-4ef98ea2e165,no
e05f67e4-d682-47b6-b602-ea2bf526d00d,intrinsic
bb598be9-e775-472c-9695-67210743014c,intrinsic
5d4237b2-bc93-4fe2-9d7d-643e1296d625,no
90210d73-c819-439e-a137-fbd368d02306,no
1d902d40-364b-4a34-93bd-2b30e792d49e,no
3b356b29-2d33-47a3-ae23-c37b0080188e,extrinsic
1b87c09c-c690-47fb-9045-87f4a76b8216,no
99c8253d-ee92-4f3f-9768-3d437299f592,intrinsic
2fcd2866-a524-4af0-b05e-07c7a428c539,extrinsic
22d8893d-d055-45a8-9596-0ad86a06390d,intrinsic
554daf23-25ba-485d-8d3e-b81522d3d484,intrinsic
602f79e3-a21d-46a4-b68c-9da3584888f2,no
8425135b-0293-4178-86cb-d8372fe3eee8,extrinsic
061a1fef-56db-488e-bb70-50afc873ef69,intrinsic
50b153fc-236f-4e6c-81a1-0e551c8eb514,extrinsic
8a172e12-7c23-41a8-9b7d-656e8fdf3657,extrinsic
8b953ca9-263c-46ee-8680-751aafe12087,extrinsic
9b0c73bc-0d8c-4772-83f3-4e25cbf5d89c,intrinsic
7843f8db-6e47-43fe-a84b-19dd89fa1070,extrinsic
54cb7159-f5bc-493d-947a-eea8348a7acd,no
04790231-0a08-43ae-8dbb-34760a5c35b0,no
efca319c-b8ec-4331-970c-2d78b72c1ac0,no
2aa18935-9cb8-4b20-adab-226df4eb35d1,extrinsic
08309188-2971-47f4-bb80-5bba7e1019c1,no
4f6f650a-b8a2-434d-8eac-43c19c1f0d76,no
2dee22e7-92fe-4759-b3bc-0af8dbdd8ecb,no
66a4f863-e80d-4964-9a54-a61dc996e149,no
fc894995-c76d-4d31-bca7-b7df9babb0b7,intrinsic
2df0c777-f07f-48ec-9386-238e732c6228,no
72d953d8-ba27-477c-9829-308b8516dbad,no
53cced85-1dbb-4633-ad78-ccc59fe423bb,extrinsic
6135b6b1-b097-478e-8c6f-abdec1568220,intrinsic
8523316c-9805-4c93-b301-96379aeaeebc,intrinsic
b8d26266-bf50-45b5-8199-e09916ce6a06,intrinsic
c2c52769-83c3-4e51-895e-c2be9511c811,no
0116f941-4306-43e8-b3be-11ae76d99b10,intrinsic
68d8ac9f-2913-434b-99b6-f1c555492fa9,no
1c0d9384-c5d5-488c-9171-b0876dc4ecd6,intrinsic
04a71085-80f5-4b91-92aa-2c877dcea7a5,extrinsic
77818801-fe49-4620-89a4-cf7a168e56d4,intrinsic
1d5423c2-fc4b-455b-affc-c6d1c2dba308,no
f5dc796b-404d-414b-ba61-63d2598a99e3,extrinsic
5a1692a8-853d-4e60-8ab9-0a029e4a4582,extrinsic
2e530155-f949-454c-af3e-57563d99c003,extrinsic
c0d6b0c9-9460-4585-bbd6-f050bc0d8ab8,intrinsic
a9c63e0e-78eb-4537-90ef-5ae79278e3a2,intrinsic
88bba555-c192-4200-9570-49a7d71faf25,extrinsic
31d01e00-e701-4bf0-a3c5-4dd566fe8728,no
e602b5c0-cc35-49d5-b7b5-11ca77fc5470,extrinsic
1ce9975a-7b14-4cfc-91dc-d17fd726b7f9,extrinsic
24e4ec3a-49b3-4a92-af97-715dbeef3996,no
58a99857-65c9-4c0e-9d29-715d8d658ed5,intrinsic
6730bfde-640b-4e61-bc4e-3e8d3ceaffb7,no
d91759cd-0dd3-45ae-a5cc-0af379e90a70,no
dc085561-fa6e-493b-81dd-6f015925f84f,intrinsic
d46cd410-66c4-4a11-9801-b12d6d913700,no
1d85f28c-d1dd-4d89-af30-2c998c622df4,no
207f99d2-b0a9-4d9e-87f3-bbb8299a83d3,intrinsic
985e0875-c966-4dfc-8916-e2758508bfa3,extrinsic
11f15388-830b-4e8b-a95f-7213028257e2,no
bf276a6b-62e6-4ec5-8088-3820ba1c5b10,no
79a64ae5-7981-403c-afce-42fd0377b21b,extrinsic
49de5f3a-717c-4205-85b2-8bab9e3c812d,no
91c2b436-3815-4fff-9154-4f42461fbf9f,extrinsic
0f1231ae-3152-4b36-ba08-f3835af69171,no
a027d5fd-3312-487b-8f10-4761cce6f7c4,extrinsic
edfe5c25-48e5-4434-8d3c-b3f494258dff,intrinsic
427d0ace-88a9-410f-b9b9-d292910b5a1c,no
f0a34005-28e8-4133-9935-48be6e64f51a,no
f03fa63f-1d66-4d1d-99f6-582550460c1e,extrinsic
9c0cbd4b-a239-4ae7-8818-c29703f5368f,no
3e6360c4-3f4a-4cc0-9cb8-aa88d5aa73ab,extrinsic
a7ce3e0a-9f40-4284-a847-3e395c6d2d99,intrinsic
34a351e9-da10-4a15-b370-2412d9e95fcc,intrinsic
be16b564-c610-462b-98b3-6bb9980b7433,no
e9eff2bd-f317-42c6-b7cd-14ca6101e5d8,intrinsic
